{
  "train_loss": [
    0.717833677504925,
    0.22639389114176972,
    0.1702037383901312,
    0.1419631209462247,
    0.12762010224322054,
    0.1158169482616668,
    0.1081534781037493,
    0.10583933648910929,
    0.09478468796674241,
    0.09356072545051575,
    0.08588347504747675,
    0.08980065504921243,
    0.08453138521377077,
    0.08342149758592565,
    0.08333856113096501,
    0.07660493738156685,
    0.07532526481341809,
    0.07576045718915919,
    0.06964457011286249,
    0.0694325402220513,
    0.06520549992614603,
    0.06565523963976413
  ],
  "val_loss": [
    0.25323508828878405,
    0.1588767535984516,
    0.1373750302940607,
    0.15064978823065758,
    0.13375731892883777,
    0.11989655755460263,
    0.1507051881402731,
    0.12799714393913747,
    0.11865891367197037,
    0.12218090407550335,
    0.1112792395055294,
    0.1314042653888464,
    0.11845620349049568,
    0.08532427344471216,
    0.10871406011283398,
    0.10813600346446037,
    0.10737073794007301,
    0.09496064968407154,
    0.0996053297072649,
    0.1025743167847395,
    0.09247866421937942,
    0.10610846169292927
  ],
  "val_mae": [
    0.40086573362350464,
    0.2975471019744873,
    0.27434447407722473,
    0.28663086891174316,
    0.2685863971710205,
    0.2491486370563507,
    0.279864639043808,
    0.26086851954460144,
    0.24615104496479034,
    0.2520350217819214,
    0.2443396896123886,
    0.27003008127212524,
    0.2548609972000122,
    0.2083026021718979,
    0.23907358944416046,
    0.2406061589717865,
    0.24009864032268524,
    0.23029431700706482,
    0.22756162285804749,
    0.23096881806850433,
    0.21500512957572937,
    0.23705555498600006
  ],
  "val_rmse": [
    0.5036499500274658,
    0.3967605531215668,
    0.3714955151081085,
    0.38904261589050293,
    0.3668612539768219,
    0.3480615019798279,
    0.39026954770088196,
    0.36003172397613525,
    0.34611794352531433,
    0.3514205813407898,
    0.33524319529533386,
    0.36426815390586853,
    0.3461091220378876,
    0.29366976022720337,
    0.3316997289657593,
    0.33030518889427185,
    0.32948213815689087,
    0.3099968135356903,
    0.3175639808177948,
    0.32186880707740784,
    0.3061116933822632,
    0.3275720477104187
  ],
  "learning_rates": [
    0.001,
    0.001,
    0.001,
    0.001,
    0.001,
    0.001,
    0.001,
    0.001,
    0.001,
    0.001,
    0.001,
    0.001,
    0.001,
    0.001,
    0.001,
    0.001,
    0.001,
    0.001,
    0.0005,
    0.0005,
    0.0005,
    0.0005
  ],
  "epoch_times": [
    1.9894320964813232,
    1.8086400032043457,
    2.029845952987671,
    1.8183307647705078,
    1.8298511505126953,
    1.8630001544952393,
    2.1206438541412354,
    1.8645529747009277,
    1.9379990100860596,
    1.9435229301452637,
    1.8627047538757324,
    2.2595980167388916,
    1.8623847961425781,
    2.023498058319092,
    1.9798309803009033,
    1.8237030506134033,
    1.8263580799102783,
    1.8352839946746826,
    1.825882911682129,
    1.7957828044891357,
    1.7980308532714844,
    1.8838860988616943
  ]
}